type,tau,mu,mu_l,mu_u,t1,t2,OR,OR_l,OR_u,risk,risk_l,risk_u
Turner Prior,0.3944572100956532,0.3976086736628633,-0.6385319132246714,1.3826746469065303,hydroxychloroquine,standard care/placebo,1.488261520009652,0.5280671035867762,3.9855473162193267,8.858419785147113,-8.71691387611823,51.77568533309902
Turner Prior,0.35700696057064546,0,-4.096446366288711,4.096451242619937,"iota-carrageenan, ivermectin",standard care/placebo,1,0.016631673386281475,60.126534060485014,-0,-18.34000923363473,514.7194334050289
Turner Prior,0.3182239177905189,-1.0916436193520154,-2.755875612830645,0.5725535208398179,hydroxychloroquine,povidone-iodine,0.335664335664336,0.06355334717233817,1.7727881280750175,NA,NA,NA
Turner Prior,0.31822391779051895,-2.3669117272784033,-3.980091277850777,-0.7537659834902227,hydroxychloroquine,"vitamin C, zinc",0.09376986649713923,0.01868393383057233,0.4705909736014528,NA,NA,NA
Turner Prior,0.3182239177905189,-1.9500179233466162,-3.5771820218797408,-0.32288798958210096,hydroxychloroquine,vitamin C,0.1422715215818664,0.027954362147525072,0.7240549515236694,NA,NA,NA
Turner Prior,0.3182239177905189,-1.2752681079263872,-2.555697795518965,0.005177725889786734,povidone-iodine,"vitamin C, zinc",0.27935606060606055,0.07763803768640452,1.005191153477268,NA,NA,NA
Turner Prior,0.3182239177905189,-0.8583743039946001,-2.1527831873833816,0.436047994525734,povidone-iodine,vitamin C,0.42385057471264354,0.11616041126779487,1.5465830204867252,NA,NA,NA
Turner Prior,0.3182239177905189,0.4168938039317873,-0.8257430767758462,1.6594927517615496,"vitamin C, zinc",vitamin C,1.5172413793103452,0.43790947117831786,5.25664374478358,NA,NA,NA
Turner Prior,0.35700696057064546,-0.4003237086077458,-2.560398032644386,1.7597493304864575,iota-carrageenan,standard care/placebo,0.6701030927835051,0.0772739767559196,5.810980576146028,-6.077168327040635,-17.18920814342522,80.82523141706517
