"","i","mean","lower","upper"
"1","hydroxychloroquine",0.03,0.03,0.03
"2","iota-carrageenan",0.0193683133885272,0.00137158716212668,0.0817879734207297
"3","iota-carrageenan, ivermectin",0.625118903648436,1.16978329968054e-20,1
"4","povidone-iodine",0.115218198515,0.0312467028575235,0.321292502947855
"5","standard care/placebo",0.0199764202311158,0.0107355590583141,0.0334983442680489
"6","vitamin C",0.225835452604599,0.0758626583081453,0.524277875910494
"7","vitamin C, zinc",0.30028738164312,0.113098512306964,0.625208515347595
