study,treatment,diff,std.err
Eom,placebo/standard care,NA,NA
Eom,CT-P59 monoclonal antibody,-0.04909933096738077,0.062228803505863704
Gottlieb,placebo/standard care,NA,0.03295122616718614
Gottlieb,"bamlanivimab, etesevimab",-0.13353139262452263,0.05926462009563874
Gottlieb,bamlanivimab,0.012833957980086394,0.04683051695518101
