type,tau,mu,mu_l,mu_u,t1,t2,OR,OR_l,OR_u,risk,risk_l,risk_u
Turner Prior,0.24046017357736,-0.048218545225097414,-0.3334490443677161,0.2549684915587914,IL6 receptor antagonists,standard care/placebo,0.9529255069995972,0.7164484047913245,1.2904209610793433,-4.293276708519881,-26.4960209496784,25.610096207504345
