type,tau,mu,mu_l,mu_u,t1,t2,OR,OR_l,OR_u,risk,risk_l,risk_u
Turner Prior,0.25090924163213024,-0.16301927540586145,-0.5139930557755719,0.18089811495859578,tocilizumab,standard care/placebo,0.8495748123574454,0.5981025474066607,1.198293084932938,-13.864400337692581,-38.02235308042183,17.64546567287452
Turner Prior,0.3346902804286821,0.22593957121324915,-0.4385247677103242,0.9568119332645368,sarilumab,standard care/placebo,1.25349991551039,0.6449872255635486,2.6033834690204287,22.435548332271864,-33.421834877558815,125.2594019648324
