type,tau,mu,mu_l,mu_u,t1,t2,OR,OR_l,OR_u,risk,risk_l,risk_u
Turner Prior,0.19683237311048127,-0.1773187951967292,-0.41187891941975274,0.08264255959972795,IL6 receptor antagonists,standard care/placebo,0.8375127469191854,0.6624044755149793,1.086153504011277,-28.463792527267717,-61.54484683463279,14.298176512300115
