type,tau,mu,mu_l,mu_u,t1,t2,OR,OR_l,OR_u,risk,risk_l,risk_u
Turner Prior,0.17622761620317115,-0.08854844634452304,-0.25689591317220445,0.0878455296109884,IL6 receptor antagonists,standard care/placebo,0.9152587687202648,0.773448715399045,1.0918194552255405,-10.572793887805492,-28.862364005424716,11.168507089203194
