type,tau,mu,mu_l,mu_u,t1,t2,OR,OR_l,OR_u,risk,risk_l,risk_u
Turner Prior,0.21322693298116155,0.002646263730900088,-0.28365268190132154,0.27198000855866244,IL6 receptor antagonists,standard care/placebo,1.0026497681773148,0.7530281395943091,1.3125607610673622,0.344799676221752,-33.419998264649465,38.821597253906184
