type,tau,mu,mu_l,mu_u,t1,t2,OR,OR_l,OR_u,risk,risk_l,risk_u
Turner Prior,0.15896571169969034,-0.14949152075967298,-0.3458966155764035,0.060750722277068486,tocilizumab,standard care/placebo,0.8611457398504287,0.7075856366583655,1.0626339901873578,-19.92445831548087,-43.101318237455885,8.68545422221606
Turner Prior,0.24539641455463415,-0.015415450848412109,-0.40613447263417884,0.3368137993830626,sarilumab,standard care/placebo,0.9847027590150702,0.6662205729656291,1.4004782695414726,-2.1492018810972127,-49.561888690748745,52.57212447354262
