type,tau,mu,mu_l,mu_u,t1,t2
Turner Prior,0.3302495060179617,-0.5061250150356067,-2.0257615751772486,1.0148467757509847,tocilizumab,standard care/placebo
