type,tau,mu,mu_l,mu_u,t1,t2
Turner Prior,0.3368103101596014,-0.8978294356694129,-2.7582367654681104,0.9614797320855247,tocilizumab,standard care/placebo
