type,tau,mu,mu_l,mu_u,t1,t2
Turner Prior,0.3310387915175781,-1.1034893314858139,-2.292416902250117,0.05037295174664099,tocilizumab,standard care/placebo
Turner Prior,0.3529034496488267,-2.148080123562527,-5.952677197699913,1.6597887068131987,sarilumab,standard care/placebo
