type,tau,mu,mu_l,mu_u,t1,t2
Turner Prior,0.32494550134931427,-1.1949032973557168,-2.2938065808676,-0.12576156319025772,IL6 receptor antagonists,standard care/placebo
